{"fine_acc": [74.95626822157435, 76.93877551020408, 78.65889212827989, 78.07580174927114, 79.09620991253644, 86.88046647230321, 88.45481049562682, 89.30029154518951, 89.30029154518951, 90.11661807580175, 90.29154518950438, 90.02915451895043, 90.17492711370262, 90.0, 90.17492711370262, 90.43731778425656, 90.64139941690962, 90.49562682215743, 90.61224489795919, 90.37900874635568, 90.64139941690962, 90.49562682215743, 91.25364431486881, 90.99125364431487, 91.16618075801749], "loss": [1.2364722845238003, 0.8253391363859949, 0.7556888205526716, 0.7036457522787323, 0.6884025514704509, 0.48301020602192307, 0.26885834371243095, 0.18515347782221042, 0.1270463580573068, 0.09316109685818016, 0.07313453406849002, 0.05835504960690694, 0.05285257766246313, 0.04300010638932387, 0.04075353644851559, 0.03379561524148006, 0.03220428724194542, 0.032829605025227235, 0.03091050484549242, 0.025321495282225624, 0.012337214139012866, 0.009326792369475347, 0.006751562439132795, 0.004353896342330947, 0.004056509695140928], "best_fine_acc": 91.25364431486881}