{"val_fine_top1": [75.36443148688046, 77.49271137026238, 78.600583090379, 78.10495626822157, 78.01749271137027, 86.58892128279884, 89.15451895043732, 89.65014577259475, 90.26239067055394, 90.11661807580175, 90.5539358600583, 90.0, 90.78717201166181, 90.99125364431487, 90.5539358600583, 90.99125364431487, 90.87463556851311, 90.84548104956268, 90.75801749271137, 91.16618075801749, 91.25364431486881, 91.57434402332362, 91.16618075801749, 91.31195335276968], "val_coarse_top1": [75.01457725947522, 77.08454810495627, 77.63848396501457, 78.0466472303207, 77.34693877551021, 87.49271137026238, 89.32944606413994, 89.94169096209913, 90.64139941690962, 90.64139941690962, 91.04956268221575, 91.25364431486881, 91.74927113702624, 91.69096209912536, 91.57434402332362, 91.89504373177843, 92.01166180758017, 92.36151603498543, 92.12827988338192, 91.89504373177843, 91.69096209912536, 92.33236151603498, 92.04081632653062, 92.01166180758017], "train_loss": [1.0617691060485963, 0.7782264749209086, 0.7229194825328283, 0.6875625082011362, 0.6735181564459137, 0.49310448114733096, 0.29584009771786846, 0.20450964603802146, 0.149237806718905, 0.10639135039209548, 0.09123992552818025, 0.07223727988398673, 0.06482546929794464, 0.0549254446538334, 0.04663483314306557, 0.041196627732257816, 0.03870925158307462, 0.037339940217691305, 0.038796092529741984, 0.017444865131964696, 0.013145278577924883, 0.008724051711155542, 0.007763979592474334, 0.005338579909250586]}