{"val_fine_top1": [75.04373177842565, 77.63848396501457, 78.77551020408163, 78.07580174927114, 78.134110787172, 86.96793002915452, 89.12536443148689, 89.88338192419825, 90.58309037900875, 90.08746355685132, 90.69970845481049, 90.20408163265306, 90.90379008746356, 91.19533527696792, 90.84548104956268, 91.19533527696792, 91.10787172011662, 90.87463556851311, 90.87463556851311, 91.37026239067055, 91.57434402332362, 91.89504373177843, 91.28279883381924, 91.34110787172011], "val_coarse_top1": [75.24781341107872, 76.47230320699708, 77.31778425655976, 77.60932944606414, 77.08454810495627, 86.93877551020408, 89.15451895043732, 89.97084548104957, 90.81632653061224, 90.81632653061224, 90.90379008746356, 91.34110787172011, 91.63265306122449, 91.51603498542273, 91.37026239067055, 91.4868804664723, 91.98250728862973, 92.06997084548105, 91.83673469387755, 91.77842565597668, 91.865889212828, 92.15743440233236, 91.865889212828, 92.01166180758017], "train_loss": [1.1174428416687308, 0.7964454870007956, 0.7354354347225918, 0.699195929040415, 0.6822030042753251, 0.4938770929972331, 0.2965280849088743, 0.20357997327271402, 0.14986769018339108, 0.10722675512041474, 0.0911025607952408, 0.07182866312611644, 0.06485132019044561, 0.053842708644755544, 0.04612101208867692, 0.04008345377803283, 0.03849594938812904, 0.03733433467339013, 0.03819407583673976, 0.01689500589519709, 0.012673270445570204, 0.008500228167479876, 0.007510379010575603, 0.005074434875737436]}