{"val_fine_top1": [75.04373177842565, 77.63848396501457, 78.77551020408163, 78.07580174927114, 78.134110787172, 87.05539358600583, 89.03790087463557, 89.73760932944606, 90.75801749271137, 90.20408163265306, 90.5539358600583, 90.26239067055394, 91.0204081632653, 91.22448979591837, 90.81632653061224, 91.28279883381924, 91.25364431486881, 90.96209912536443, 90.75801749271137, 91.28279883381924, 91.63265306122449, 91.63265306122449, 91.74927113702624, 91.399416909621, 91.34110787172011], "val_coarse_top1": [75.24781341107872, 76.47230320699708, 77.31778425655976, 77.60932944606414, 77.08454810495627, 86.1807580174927, 88.77551020408163, 89.59183673469387, 90.40816326530613, 90.43731778425656, 90.58309037900875, 90.90379008746356, 91.37026239067055, 91.45772594752187, 91.16618075801749, 91.31195335276968, 91.74927113702624, 91.7201166180758, 91.865889212828, 91.63265306122449, 91.63265306122449, 91.60349854227405, 91.865889212828, 91.89504373177843, 91.63265306122449], "train_loss": [1.1716754673754128, 0.8158821913030927, 0.7486497400069314, 0.7098799771282666, 0.691107603338544, 0.4947125137238055, 0.2961521165559979, 0.2014794500008177, 0.14926284165829903, 0.10717685169217848, 0.09093778923419109, 0.07100791920241704, 0.06445681948883875, 0.05314110423450307, 0.04551774941981562, 0.03904309525820623, 0.03856911005461317, 0.037494083934668514, 0.03766769079512594, 0.035930271302636194, 0.016133293531711505, 0.01246762567468765, 0.00830350048549196, 0.007211589819373424, 0.005022956138913005]}